lastupdated,title,url
" This page was last edited on 1 January 2021, at 17:28",Kevin Bacon,https://en.wikipedia.org/wiki/Kevin_Bacon
" This page was last edited on 2 January 2021, at 02:05",Edmund Bacon (architect),https://en.wikipedia.org/wiki/Edmund_Bacon_(architect)
" This page was last edited on 3 November 2020, at 00:55",Sosie Bacon,https://en.wikipedia.org/wiki/Sosie_Bacon
" This page was last edited on 12 October 2020, at 12:42",Michael Bacon (musician),https://en.wikipedia.org/wiki/Michael_Bacon_(musician)
" This page was last edited on 1 January 2021, at 00:50",[<Selector xpath='//h1/i/text()' data='A Few Good Men'>],https://en.wikipedia.org/wiki/A_Few_Good_Men
" This page was last edited on 1 January 2021, at 02:02", (film),https://en.wikipedia.org/wiki/JFK_(film)
" This page was last edited on 16 December 2020, at 08:11", (1984 film),https://en.wikipedia.org/wiki/Footloose_(1984_film)
" This page was last edited on 15 December 2020, at 04:34", (film),https://en.wikipedia.org/wiki/Mystic_River_(film)
" This page was last edited on 23 December 2020, at 01:29", (film),https://en.wikipedia.org/wiki/Apollo_13_(film)
" This page was last edited on 4 December 2020, at 02:32",Holly Near,https://en.wikipedia.org/wiki/Holly_Near
" This page was last edited on 7 December 2020, at 10:10",Kyra Sedgwick,https://en.wikipedia.org/wiki/Kyra_Sedgwick
" This page was last edited on 11 April 2020, at 17:44",Kevin Bacon (disambiguation),https://en.wikipedia.org/wiki/Kevin_Bacon_(disambiguation)
" This page was last edited on 20 March 2020, at 11:35",SixDegrees.org,https://en.wikipedia.org/wiki/SixDegrees.org
" This page was last edited on 26 December 2020, at 21:28",Six Degrees of Kevin Bacon,https://en.wikipedia.org/wiki/Six_Degrees_of_Kevin_Bacon
" This page was last edited on 1 January 2021, at 17:35",The Bacon Brothers,https://en.wikipedia.org/wiki/The_Bacon_Brothers
" This page was last edited on 1 January 2021, at 16:47",Social networking service,https://en.wikipedia.org/wiki/Social_networking_service
" This page was last edited on 21 December 2020, at 21:18",Hollywood Walk of Fame,https://en.wikipedia.org/wiki/Hollywood_Walk_of_Fame
" This page was last edited on 27 December 2020, at 01:56",Philadelphia,"https://en.wikipedia.org/wiki/Philadelphia,_Pennsylvania"
lastupdated,title,url
" This page was last edited on 1 January 2021, at 17:28",Kevin Bacon,https://en.wikipedia.org/wiki/Kevin_Bacon
" This page was last edited on 16 December 2020, at 08:11", (1984 film),https://en.wikipedia.org/wiki/Footloose_(1984_film)
" This page was last edited on 31 December 2020, at 15:14", (2004 film),https://en.wikipedia.org/wiki/The_Woodsman_(2004_film)
" This page was last edited on 4 December 2020, at 02:32",Holly Near,https://en.wikipedia.org/wiki/Holly_Near
" This page was last edited on 3 January 2021, at 03:55", (film),https://en.wikipedia.org/wiki/Balto_(film)
" This page was last edited on 15 December 2020, at 04:34", (film),https://en.wikipedia.org/wiki/Mystic_River_(film)
" This page was last edited on 23 December 2020, at 00:24",[<Selector xpath='//h1/i/text()' data='Sleepers'>],https://en.wikipedia.org/wiki/Sleepers
" This page was last edited on 1 January 2021, at 00:50",[<Selector xpath='//h1/i/text()' data='A Few Good Men'>],https://en.wikipedia.org/wiki/A_Few_Good_Men
" This page was last edited on 1 January 2021, at 02:02", (film),https://en.wikipedia.org/wiki/JFK_(film)
" This page was last edited on 12 October 2020, at 12:42",Michael Bacon (musician),https://en.wikipedia.org/wiki/Michael_Bacon_(musician)
" This page was last edited on 2 January 2021, at 02:05",Edmund Bacon (architect),https://en.wikipedia.org/wiki/Edmund_Bacon_(architect)
" This page was last edited on 3 November 2020, at 00:55",Sosie Bacon,https://en.wikipedia.org/wiki/Sosie_Bacon
" This page was last edited on 7 December 2020, at 10:10",Kyra Sedgwick,https://en.wikipedia.org/wiki/Kyra_Sedgwick
" This page was last edited on 23 December 2020, at 01:29", (film),https://en.wikipedia.org/wiki/Apollo_13_(film)
" This page was last edited on 11 April 2020, at 17:44",Kevin Bacon (disambiguation),https://en.wikipedia.org/wiki/Kevin_Bacon_(disambiguation)
" This page was last edited on 26 December 2020, at 21:28",Six Degrees of Kevin Bacon,https://en.wikipedia.org/wiki/Six_Degrees_of_Kevin_Bacon
" This page was last edited on 27 December 2020, at 01:56",Philadelphia,"https://en.wikipedia.org/wiki/Philadelphia,_Pennsylvania"
" This page was last edited on 4 December 2020, at 16:11", (2005 film),https://en.wikipedia.org/wiki/Loverboy_(2005_film)
lastupdated,title,url
" This page was last edited on 1 January 2021, at 17:28",Kevin Bacon,https://en.wikipedia.org/wiki/Kevin_Bacon
" This page was last edited on 24 December 2020, at 22:37",[<Selector xpath='//h1/i/text()' data='Hollow Man'>],https://en.wikipedia.org/wiki/Hollow_Man
" This page was last edited on 31 December 2020, at 21:40", (film),https://en.wikipedia.org/wiki/Patriots_Day_(film)
" This page was last edited on 6 December 2020, at 17:23",[<Selector xpath='//h1/i/text()' data='The Following'>],https://en.wikipedia.org/wiki/The_Following
" This page was last edited on 3 January 2021, at 02:15", (film),https://en.wikipedia.org/wiki/Black_Mass_(film)
" This page was last edited on 21 December 2020, at 02:04",[<Selector xpath='//h1/i/text()' data='Stir of Echoes'>],https://en.wikipedia.org/wiki/Stir_of_Echoes
" This page was last edited on 28 December 2020, at 13:32", (film),https://en.wikipedia.org/wiki/Frost/Nixon_(film)
" This page was last edited on 29 December 2020, at 20:37",[<Selector xpath='//h1/i/text()' data='Taking Chance'>],https://en.wikipedia.org/wiki/Taking_Chance
" This page was last edited on 19 December 2020, at 17:46",Fox Broadcasting Company,https://en.wikipedia.org/wiki/Fox_Broadcasting_Company
" This page was last edited on 3 January 2021, at 00:49",HBO,https://en.wikipedia.org/wiki/HBO
" This page was last edited on 1 January 2021, at 18:04", (film),https://en.wikipedia.org/wiki/Wild_Things_(film)
" This page was last edited on 3 January 2021, at 19:50",[<Selector xpath='//h1/i/text()' data='Flatliners'>],https://en.wikipedia.org/wiki/Flatliners
" This page was last edited on 1 January 2021, at 01:32", (1980 film),https://en.wikipedia.org/wiki/Friday_the_13th_(1980_film)
" This page was last edited on 2 January 2021, at 18:36", (1990 film),https://en.wikipedia.org/wiki/Tremors_(1990_film)
" This page was last edited on 2 January 2021, at 04:37","[<Selector xpath='//h1/i/text()' data='Crazy, Stupid, Love'>]","https://en.wikipedia.org/wiki/Crazy,_Stupid,_Love"
" This page was last edited on 20 March 2020, at 11:35",SixDegrees.org,https://en.wikipedia.org/wiki/SixDegrees.org
" This page was last edited on 28 December 2020, at 19:13",[<Selector xpath='//h1/i/text()' data='The River Wild'>],https://en.wikipedia.org/wiki/The_River_Wild
" This page was last edited on 18 December 2020, at 18:49",Screen Actors Guild Award for Outstanding Performance by a Cast in a Motion Picture,https://en.wikipedia.org/wiki/Screen_Actors_Guild_Award_for_Outstanding_Performance_by_a_Cast_in_a_Motion_Picture
lastupdated,title,url
" This page was last edited on 1 January 2021, at 17:28",Kevin Bacon,https://en.wikipedia.org/wiki/Kevin_Bacon
" This page was last edited on 7 December 2020, at 10:10",Kyra Sedgwick,https://en.wikipedia.org/wiki/Kyra_Sedgwick
" This page was last edited on 3 November 2020, at 00:55",Sosie Bacon,https://en.wikipedia.org/wiki/Sosie_Bacon
" This page was last edited on 12 October 2020, at 12:42",Michael Bacon (musician),https://en.wikipedia.org/wiki/Michael_Bacon_(musician)
" This page was last edited on 4 December 2020, at 02:32",Holly Near,https://en.wikipedia.org/wiki/Holly_Near
" This page was last edited on 16 December 2020, at 08:11", (1984 film),https://en.wikipedia.org/wiki/Footloose_(1984_film)
" This page was last edited on 1 January 2021, at 00:50",[<Selector xpath='//h1/i/text()' data='A Few Good Men'>],https://en.wikipedia.org/wiki/A_Few_Good_Men
" This page was last edited on 27 December 2020, at 01:56",Philadelphia,"https://en.wikipedia.org/wiki/Philadelphia,_Pennsylvania"
" This page was last edited on 2 January 2021, at 02:05",Edmund Bacon (architect),https://en.wikipedia.org/wiki/Edmund_Bacon_(architect)
" This page was last edited on 11 April 2020, at 17:44",Kevin Bacon (disambiguation),https://en.wikipedia.org/wiki/Kevin_Bacon_(disambiguation)
" This page was last edited on 31 December 2020, at 04:18",Primetime Emmy Award,https://en.wikipedia.org/wiki/Primetime_Emmy_Award
" This page was last edited on 1 January 2021, at 02:02", (film),https://en.wikipedia.org/wiki/JFK_(film)
" This page was last edited on 2 January 2021, at 16:21",Screen Actors Guild Awards,https://en.wikipedia.org/wiki/Screen_Actors_Guild_Award
" This page was last edited on 22 November 2020, at 22:11",Golden Globe Award for Best Actor â€“ Television Series Musical or Comedy,https://en.wikipedia.org/wiki/Golden_Globe_Award_for_Best_Actor_%E2%80%93_Television_Series_Musical_or_Comedy
" This page was last edited on 3 January 2021, at 23:53",[<Selector xpath='//h1/i/text()' data='The Guardian'>],https://en.wikipedia.org/wiki/The_Guardian
" This page was last edited on 19 November 2020, at 18:59", (TV series),https://en.wikipedia.org/wiki/I_Love_Dick_(TV_series)
" This page was last edited on 30 December 2020, at 15:32",EE Limited,https://en.wikipedia.org/wiki/EE_(telecommunications_company)
" This page was last edited on 27 December 2020, at 23:34",Golden Globe Awards,https://en.wikipedia.org/wiki/Golden_Globe_Award
